Entity,Code,Year,Solar Capacity (gigawatts)
Algeria,DZA,1996,0
Algeria,DZA,1997,0
Algeria,DZA,1998,0
Algeria,DZA,1999,0
Algeria,DZA,2000,0
Algeria,DZA,2001,0
Algeria,DZA,2002,0
Algeria,DZA,2003,0
Algeria,DZA,2004,0
Algeria,DZA,2005,0
Algeria,DZA,2006,0
Algeria,DZA,2007,0
Algeria,DZA,2008,0
Algeria,DZA,2009,0
Algeria,DZA,2010,0.025
Algeria,DZA,2011,0.025
Algeria,DZA,2012,0.025
Algeria,DZA,2013,0.025
Algeria,DZA,2014,0.0261
Algeria,DZA,2015,0.0741
Algeria,DZA,2016,0.2441
Algeria,DZA,2017,0.425
Algeria,DZA,2018,0.435
Australia,AUS,1996,0.016
Australia,AUS,1997,0.019
Australia,AUS,1998,0.023
Australia,AUS,1999,0.025
Australia,AUS,2000,0.029
Australia,AUS,2001,0.034
Australia,AUS,2002,0.039
Australia,AUS,2003,0.046
Australia,AUS,2004,0.052000000000000005
Australia,AUS,2005,0.061
Australia,AUS,2006,0.07
Australia,AUS,2007,0.082
Australia,AUS,2008,0.105
Australia,AUS,2009,0.188
Australia,AUS,2010,0.5710000000000001
Australia,AUS,2011,1.397
Australia,AUS,2012,2.435
Australia,AUS,2013,3.258
Australia,AUS,2014,4.007
Australia,AUS,2015,4.36
Australia,AUS,2016,4.721
Australia,AUS,2017,5.993399999999999
Australia,AUS,2018,9.7687
Austria,AUT,1996,0.0017
Austria,AUT,1997,0.0022
Austria,AUT,1998,0.0029
Austria,AUT,1999,0.0037
Austria,AUT,2000,0.005
Austria,AUT,2001,0.007
Austria,AUT,2002,0.009000000000000001
Austria,AUT,2003,0.023
Austria,AUT,2004,0.027
Austria,AUT,2005,0.021
Austria,AUT,2006,0.0224
Austria,AUT,2007,0.0242
Austria,AUT,2008,0.030100000000000002
Austria,AUT,2009,0.0489
Austria,AUT,2010,0.0888
Austria,AUT,2011,0.1741
Austria,AUT,2012,0.3375
Austria,AUT,2013,0.626
Austria,AUT,2014,0.7852
Austria,AUT,2015,0.9371
Austria,AUT,2016,1.096
Austria,AUT,2017,1.2690000000000001
Austria,AUT,2018,1.431
Belgium,BEL,1996,0
Belgium,BEL,1997,0
Belgium,BEL,1998,0
Belgium,BEL,1999,0
Belgium,BEL,2000,0
Belgium,BEL,2001,0
Belgium,BEL,2002,0.001
Belgium,BEL,2003,0.001
Belgium,BEL,2004,0.001
Belgium,BEL,2005,0.002
Belgium,BEL,2006,0.002
Belgium,BEL,2007,0.02
Belgium,BEL,2008,0.062
Belgium,BEL,2009,0.386
Belgium,BEL,2010,1.0069
Belgium,BEL,2011,1.9790999999999999
Belgium,BEL,2012,2.6465
Belgium,BEL,2013,2.9024
Belgium,BEL,2014,3.0148
Belgium,BEL,2015,3.1310000000000002
Belgium,BEL,2016,3.3254
Belgium,BEL,2017,3.6096
Belgium,BEL,2018,4.0256
Brazil,BRA,1996,0
Brazil,BRA,1997,0
Brazil,BRA,1998,0
Brazil,BRA,1999,0
Brazil,BRA,2000,0
Brazil,BRA,2001,0
Brazil,BRA,2002,0
Brazil,BRA,2003,0
Brazil,BRA,2004,0
Brazil,BRA,2005,0
Brazil,BRA,2006,0
Brazil,BRA,2007,0
Brazil,BRA,2008,0
Brazil,BRA,2009,0
Brazil,BRA,2010,0.001
Brazil,BRA,2011,0.001
Brazil,BRA,2012,0.002
Brazil,BRA,2013,0.005
Brazil,BRA,2014,0.015
Brazil,BRA,2015,0.0229
Brazil,BRA,2016,0.08
Brazil,BRA,2017,1.097
Brazil,BRA,2018,2.2960000000000003
Bulgaria,BGR,1996,0
Bulgaria,BGR,1997,0
Bulgaria,BGR,1998,0
Bulgaria,BGR,1999,0
Bulgaria,BGR,2000,0
Bulgaria,BGR,2001,0
Bulgaria,BGR,2002,0
Bulgaria,BGR,2003,0
Bulgaria,BGR,2004,0
Bulgaria,BGR,2005,0
Bulgaria,BGR,2006,0
Bulgaria,BGR,2007,0
Bulgaria,BGR,2008,0
Bulgaria,BGR,2009,0.002
Bulgaria,BGR,2010,0.025
Bulgaria,BGR,2011,0.154
Bulgaria,BGR,2012,1.0130000000000001
Bulgaria,BGR,2013,1.02
Bulgaria,BGR,2014,1.026
Bulgaria,BGR,2015,1.029
Bulgaria,BGR,2016,1.028
Bulgaria,BGR,2017,1.0355999999999999
Bulgaria,BGR,2018,1.0355999999999999
Canada,CAN,1996,0.003
Canada,CAN,1997,0.003
Canada,CAN,1998,0.005
Canada,CAN,1999,0.006
Canada,CAN,2000,0.007
Canada,CAN,2001,0.009000000000000001
Canada,CAN,2002,0.01
Canada,CAN,2003,0.012
Canada,CAN,2004,0.014
Canada,CAN,2005,0.017
Canada,CAN,2006,0.021
Canada,CAN,2007,0.026000000000000002
Canada,CAN,2008,0.033
Canada,CAN,2009,0.095
Canada,CAN,2010,0.221
Canada,CAN,2011,0.497
Canada,CAN,2012,0.766
Canada,CAN,2013,1.21
Canada,CAN,2014,1.843
Canada,CAN,2015,2.517
Canada,CAN,2016,2.661
Canada,CAN,2017,2.873
Canada,CAN,2018,3.113
Chile,CHL,1996,0
Chile,CHL,1997,0
Chile,CHL,1998,0
Chile,CHL,1999,0
Chile,CHL,2000,0
Chile,CHL,2001,0
Chile,CHL,2002,0
Chile,CHL,2003,0
Chile,CHL,2004,0
Chile,CHL,2005,0
Chile,CHL,2006,0
Chile,CHL,2007,0
Chile,CHL,2008,0
Chile,CHL,2009,0
Chile,CHL,2010,0
Chile,CHL,2011,0
Chile,CHL,2012,0.002
Chile,CHL,2013,0.015
Chile,CHL,2014,0.221
Chile,CHL,2015,0.5760000000000001
Chile,CHL,2016,1.125
Chile,CHL,2017,1.809
Chile,CHL,2018,2.137
China,CHN,1996,0.001
China,CHN,1997,0.0025
China,CHN,1998,0.005
China,CHN,1999,0.01
China,CHN,2000,0.0335
China,CHN,2001,0.038
China,CHN,2002,0.0565
China,CHN,2003,0.06659999999999999
China,CHN,2004,0.0766
China,CHN,2005,0.1412
China,CHN,2006,0.16019999999999998
China,CHN,2007,0.199
China,CHN,2008,0.253
China,CHN,2009,0.4148
China,CHN,2010,1.0245
China,CHN,2011,3.113
China,CHN,2012,6.7255
China,CHN,2013,17.7617
China,CHN,2014,28.4017
China,CHN,2015,43.5517
China,CHN,2016,77.8017
China,CHN,2017,130.8162
China,CHN,2018,175.03170000000003
Czech Republic,CZE,1996,0
Czech Republic,CZE,1997,0
Czech Republic,CZE,1998,0
Czech Republic,CZE,1999,0
Czech Republic,CZE,2000,0.0001
Czech Republic,CZE,2001,0.0001
Czech Republic,CZE,2002,0.0002
Czech Republic,CZE,2003,0.0003
Czech Republic,CZE,2004,0.0004
Czech Republic,CZE,2005,0.001
Czech Republic,CZE,2006,0.001
Czech Republic,CZE,2007,0.004
Czech Republic,CZE,2008,0.04
Czech Republic,CZE,2009,0.465
Czech Republic,CZE,2010,1.727
Czech Republic,CZE,2011,1.913
Czech Republic,CZE,2012,2.0220000000000002
Czech Republic,CZE,2013,2.064
Czech Republic,CZE,2014,2.068
Czech Republic,CZE,2015,2.075
Czech Republic,CZE,2016,2.068
Czech Republic,CZE,2017,2.0695
Czech Republic,CZE,2018,2.0775
Denmark,DNK,1996,0
Denmark,DNK,1997,0
Denmark,DNK,1998,0
Denmark,DNK,1999,0
Denmark,DNK,2000,0.001
Denmark,DNK,2001,0.001
Denmark,DNK,2002,0.002
Denmark,DNK,2003,0.002
Denmark,DNK,2004,0.002
Denmark,DNK,2005,0.003
Denmark,DNK,2006,0.003
Denmark,DNK,2007,0.003
Denmark,DNK,2008,0.003
Denmark,DNK,2009,0.005
Denmark,DNK,2010,0.007
Denmark,DNK,2011,0.017
Denmark,DNK,2012,0.402
Denmark,DNK,2013,0.5710000000000001
Denmark,DNK,2014,0.607
Denmark,DNK,2015,0.7821
Denmark,DNK,2016,0.851
Denmark,DNK,2017,0.9064
Denmark,DNK,2018,0.998
Egypt,EGY,2000,0.0001
Egypt,EGY,2001,0.0005
Egypt,EGY,2002,0.0006
Egypt,EGY,2003,0.0006
Egypt,EGY,2004,0.0006
Egypt,EGY,2005,0.0006
Egypt,EGY,2006,0.0006
Egypt,EGY,2007,0.0007
Egypt,EGY,2008,0.0009000000000000001
Egypt,EGY,2009,0.0013000000000000002
Egypt,EGY,2010,0.015
Egypt,EGY,2011,0.035
Egypt,EGY,2012,0.035
Egypt,EGY,2013,0.035
Egypt,EGY,2014,0.035
Egypt,EGY,2015,0.045
Egypt,EGY,2016,0.068
Egypt,EGY,2017,0.189
Egypt,EGY,2018,0.77
Europe (other),,1996,0
Europe (other),,1997,0
Europe (other),,1998,0
Europe (other),,1999,0
Europe (other),,2000,0
Europe (other),,2001,0.00029999999999995503
Europe (other),,2002,0.0018000000000000101
Europe (other),,2003,0.0145
Europe (other),,2004,0.024
Europe (other),,2005,0.0253000000000002
Europe (other),,2006,0.025500000000000002
Europe (other),,2007,0.0261000000000004
Europe (other),,2008,0.0296000000000004
Europe (other),,2009,0.0382999999999993
Europe (other),,2010,0.0555
Europe (other),,2011,0.308900000000001
Europe (other),,2012,0.6441000000000061
Europe (other),,2013,1.20090000000001
Europe (other),,2014,1.44160000000001
Europe (other),,2015,1.63130000000002
Europe (other),,2016,1.91779999999999
Europe (other),,2017,2.4543000000000204
Europe (other),,2018,3.52190000000002
Finland,FIN,1996,0
Finland,FIN,1997,0
Finland,FIN,1998,0
Finland,FIN,1999,0
Finland,FIN,2000,0.002
Finland,FIN,2001,0.003
Finland,FIN,2002,0.003
Finland,FIN,2003,0.003
Finland,FIN,2004,0.004
Finland,FIN,2005,0.004
Finland,FIN,2006,0.005
Finland,FIN,2007,0.005
Finland,FIN,2008,0.006
Finland,FIN,2009,0.006
Finland,FIN,2010,0.007
Finland,FIN,2011,0.007
Finland,FIN,2012,0.008
Finland,FIN,2013,0.009000000000000001
Finland,FIN,2014,0.011
Finland,FIN,2015,0.015
Finland,FIN,2016,0.035
Finland,FIN,2017,0.074
Finland,FIN,2018,0.1247
France,FRA,1996,0.004
France,FRA,1997,0.006
France,FRA,1998,0.008
France,FRA,1999,0.009000000000000001
France,FRA,2000,0.007
France,FRA,2001,0.007
France,FRA,2002,0.008
France,FRA,2003,0.009000000000000001
France,FRA,2004,0.011
France,FRA,2005,0.013000000000000001
France,FRA,2006,0.015
France,FRA,2007,0.026000000000000002
France,FRA,2008,0.08
France,FRA,2009,0.277
France,FRA,2010,1.044
France,FRA,2011,3.0036
France,FRA,2012,4.3588000000000005
France,FRA,2013,5.2773
France,FRA,2014,6.0344
France,FRA,2015,7.1375
France,FRA,2016,7.702100000000001
France,FRA,2017,8.6104
France,FRA,2018,9.4834
Germany,DEU,1996,0.028
Germany,DEU,1997,0.042
Germany,DEU,1998,0.054
Germany,DEU,1999,0.07
Germany,DEU,2000,0.114
Germany,DEU,2001,0.195
Germany,DEU,2002,0.26
Germany,DEU,2003,0.435
Germany,DEU,2004,1.105
Germany,DEU,2005,2.056
Germany,DEU,2006,2.899
Germany,DEU,2007,4.17
Germany,DEU,2008,6.12
Germany,DEU,2009,10.567
Germany,DEU,2010,18.007
Germany,DEU,2011,25.917
Germany,DEU,2012,34.077
Germany,DEU,2013,36.711
Germany,DEU,2014,37.9
Germany,DEU,2015,39.245
Germany,DEU,2016,40.716
Germany,DEU,2017,42.339
Germany,DEU,2018,45.932
Greece,GRC,1996,0
Greece,GRC,1997,0
Greece,GRC,1998,0
Greece,GRC,1999,0
Greece,GRC,2000,0
Greece,GRC,2001,0.001
Greece,GRC,2002,0.001
Greece,GRC,2003,0.001
Greece,GRC,2004,0.001
Greece,GRC,2005,0.001
Greece,GRC,2006,0.005
Greece,GRC,2007,0.009000000000000001
Greece,GRC,2008,0.012
Greece,GRC,2009,0.046
Greece,GRC,2010,0.202
Greece,GRC,2011,0.612
Greece,GRC,2012,1.536
Greece,GRC,2013,2.579
Greece,GRC,2014,2.596
Greece,GRC,2015,2.604
Greece,GRC,2016,2.604
Greece,GRC,2017,2.6055
Greece,GRC,2018,2.6515
Honduras,HND,1996,0
Honduras,HND,1997,0
Honduras,HND,1998,0
Honduras,HND,1999,0.001
Honduras,HND,2000,0.0016
Honduras,HND,2001,0.0018000000000000002
Honduras,HND,2002,0.002
Honduras,HND,2003,0.0021000000000000003
Honduras,HND,2004,0.0024
Honduras,HND,2005,0.0027
Honduras,HND,2006,0.0029
Honduras,HND,2007,0.0032
Honduras,HND,2008,0.0032
Honduras,HND,2009,0.0035
Honduras,HND,2010,0.0037
Honduras,HND,2011,0.0045000000000000005
Honduras,HND,2012,0.005200000000000001
Honduras,HND,2013,0.005200000000000001
Honduras,HND,2014,0.005200000000000001
Honduras,HND,2015,0.3932
Honduras,HND,2016,0.4142
Honduras,HND,2017,0.45110000000000006
Honduras,HND,2018,0.516
Hungary,HUN,1996,0
Hungary,HUN,1997,0
Hungary,HUN,1998,0
Hungary,HUN,1999,0
Hungary,HUN,2000,0
Hungary,HUN,2001,0
Hungary,HUN,2002,0
Hungary,HUN,2003,0
Hungary,HUN,2004,0
Hungary,HUN,2005,0
Hungary,HUN,2006,0
Hungary,HUN,2007,0
Hungary,HUN,2008,0.001
Hungary,HUN,2009,0.001
Hungary,HUN,2010,0.002
Hungary,HUN,2011,0.004
Hungary,HUN,2012,0.012
Hungary,HUN,2013,0.035
Hungary,HUN,2014,0.089
Hungary,HUN,2015,0.17200000000000001
Hungary,HUN,2016,0.23500000000000001
Hungary,HUN,2017,0.34400000000000003
Hungary,HUN,2018,0.665
India,IND,1996,0
India,IND,1997,0
India,IND,1998,0
India,IND,1999,0
India,IND,2000,0
India,IND,2001,0.0011
India,IND,2002,0.0055
India,IND,2003,0.0067
India,IND,2004,0.0079
India,IND,2005,0.0078
India,IND,2006,0.0116
India,IND,2007,0.0096
India,IND,2008,0.0251
India,IND,2009,0.0277
India,IND,2010,0.0394
India,IND,2011,0.06540000000000001
India,IND,2012,0.5658
India,IND,2013,0.926
India,IND,2014,1.3360999999999998
India,IND,2015,3.5183000000000004
India,IND,2016,5.3964
India,IND,2017,9.646700000000001
India,IND,2018,17.872799999999998
Israel,ISR,1996,0
Israel,ISR,1997,0.0003
Israel,ISR,1998,0.0003
Israel,ISR,1999,0.0004
Israel,ISR,2000,0
Israel,ISR,2001,0
Israel,ISR,2002,0
Israel,ISR,2003,0
Israel,ISR,2004,0
Israel,ISR,2005,0.001
Israel,ISR,2006,0.0013000000000000002
Israel,ISR,2007,0.0018000000000000002
Israel,ISR,2008,0.009000000000000001
Israel,ISR,2009,0.030600000000000002
Israel,ISR,2010,0.076
Israel,ISR,2011,0.1958
Israel,ISR,2012,0.24280000000000002
Israel,ISR,2013,0.42610000000000003
Israel,ISR,2014,0.6761
Israel,ISR,2015,0.7719
Israel,ISR,2016,0.8721
Israel,ISR,2017,0.9751000000000001
Israel,ISR,2018,1.0760999999999998
Italy,ITA,1996,0.016
Italy,ITA,1997,0.017
Italy,ITA,1998,0.018000000000000002
Italy,ITA,1999,0.018000000000000002
Italy,ITA,2000,0.019
Italy,ITA,2001,0.02
Italy,ITA,2002,0.022
Italy,ITA,2003,0.026000000000000002
Italy,ITA,2004,0.031
Italy,ITA,2005,0.034
Italy,ITA,2006,0.045
Italy,ITA,2007,0.11
Italy,ITA,2008,0.483
Italy,ITA,2009,1.264
Italy,ITA,2010,3.5967
Italy,ITA,2011,13.135700000000002
Italy,ITA,2012,16.7897
Italy,ITA,2013,18.190099999999997
Italy,ITA,2014,18.600099999999998
Italy,ITA,2015,18.9071
Italy,ITA,2016,19.289099999999998
Italy,ITA,2017,19.6884
Italy,ITA,2018,20.126099999999997
Japan,JPN,1996,0.06
Japan,JPN,1997,0.091
Japan,JPN,1998,0.133
Japan,JPN,1999,0.209
Japan,JPN,2000,0.33
Japan,JPN,2001,0.453
Japan,JPN,2002,0.637
Japan,JPN,2003,0.86
Japan,JPN,2004,1.1320000000000001
Japan,JPN,2005,1.422
Japan,JPN,2006,1.708
Japan,JPN,2007,1.919
Japan,JPN,2008,2.144
Japan,JPN,2009,2.6270000000000002
Japan,JPN,2010,3.618
Japan,JPN,2011,4.914
Japan,JPN,2012,6.632000000000001
Japan,JPN,2013,13.599
Japan,JPN,2014,23.339000000000002
Japan,JPN,2015,34.15
Japan,JPN,2016,42.04
Japan,JPN,2017,49.04
Japan,JPN,2018,55.5
Jordan,JOR,1996,0
Jordan,JOR,1997,0
Jordan,JOR,1998,0
Jordan,JOR,1999,0
Jordan,JOR,2000,0
Jordan,JOR,2001,0
Jordan,JOR,2002,0
Jordan,JOR,2003,0
Jordan,JOR,2004,0
Jordan,JOR,2005,0
Jordan,JOR,2006,0
Jordan,JOR,2007,0
Jordan,JOR,2008,0
Jordan,JOR,2009,0
Jordan,JOR,2010,0
Jordan,JOR,2011,0
Jordan,JOR,2012,0.0001
Jordan,JOR,2013,0.0001
Jordan,JOR,2014,0.0002
Jordan,JOR,2015,0.0289
Jordan,JOR,2016,0.29560000000000003
Jordan,JOR,2017,0.396
Jordan,JOR,2018,0.7715
Malaysia,MYS,1996,0
Malaysia,MYS,1997,0
Malaysia,MYS,1998,0
Malaysia,MYS,1999,0
Malaysia,MYS,2000,0
Malaysia,MYS,2001,0
Malaysia,MYS,2002,0
Malaysia,MYS,2003,0
Malaysia,MYS,2004,0
Malaysia,MYS,2005,0
Malaysia,MYS,2006,0
Malaysia,MYS,2007,0.0005
Malaysia,MYS,2008,0.0005
Malaysia,MYS,2009,0.0005
Malaysia,MYS,2010,0.0005
Malaysia,MYS,2011,0.0005
Malaysia,MYS,2012,0.0251
Malaysia,MYS,2013,0.09709999999999999
Malaysia,MYS,2014,0.1658
Malaysia,MYS,2015,0.2291
Malaysia,MYS,2016,0.2788
Malaysia,MYS,2017,0.31739999999999996
Malaysia,MYS,2018,0.4378
Mexico,MEX,1996,0.01
Mexico,MEX,1997,0.011
Mexico,MEX,1998,0.012
Mexico,MEX,1999,0.013000000000000001
Mexico,MEX,2000,0.014
Mexico,MEX,2001,0.015
Mexico,MEX,2002,0.016
Mexico,MEX,2003,0.016
Mexico,MEX,2004,0.016
Mexico,MEX,2005,0.016
Mexico,MEX,2006,0.016
Mexico,MEX,2007,0.019
Mexico,MEX,2008,0.019
Mexico,MEX,2009,0.025
Mexico,MEX,2010,0.029
Mexico,MEX,2011,0.039
Mexico,MEX,2012,0.06
Mexico,MEX,2013,0.082
Mexico,MEX,2014,0.116
Mexico,MEX,2015,0.17300000000000001
Mexico,MEX,2016,0.38860000000000006
Mexico,MEX,2017,0.6737000000000001
Mexico,MEX,2018,2.555
Netherlands,NLD,1996,0.0007
Netherlands,NLD,1997,0.001
Netherlands,NLD,1998,0.001
Netherlands,NLD,1999,0.005
Netherlands,NLD,2000,0.013000000000000001
Netherlands,NLD,2001,0.021
Netherlands,NLD,2002,0.026000000000000002
Netherlands,NLD,2003,0.046
Netherlands,NLD,2004,0.05
Netherlands,NLD,2005,0.051000000000000004
Netherlands,NLD,2006,0.053
Netherlands,NLD,2007,0.054
Netherlands,NLD,2008,0.059000000000000004
Netherlands,NLD,2009,0.069
Netherlands,NLD,2010,0.09
Netherlands,NLD,2011,0.149
Netherlands,NLD,2012,0.369
Netherlands,NLD,2013,0.746
Netherlands,NLD,2014,1.048
Netherlands,NLD,2015,1.5150000000000001
Netherlands,NLD,2016,2.049
Netherlands,NLD,2017,2.903
Netherlands,NLD,2018,4.15
Norway,NOR,1996,0.004900000000000001
Norway,NOR,1997,0.005200000000000001
Norway,NOR,1998,0.0054
Norway,NOR,1999,0.006
Norway,NOR,2000,0.006
Norway,NOR,2001,0.006
Norway,NOR,2002,0.006
Norway,NOR,2003,0.007
Norway,NOR,2004,0.007
Norway,NOR,2005,0.007
Norway,NOR,2006,0.008
Norway,NOR,2007,0.008
Norway,NOR,2008,0.0083
Norway,NOR,2009,0.0087
Norway,NOR,2010,0.0091
Norway,NOR,2011,0.0095
Norway,NOR,2012,0.01
Norway,NOR,2013,0.011
Norway,NOR,2014,0.013000000000000001
Norway,NOR,2015,0.015
Norway,NOR,2016,0.0267
Norway,NOR,2017,0.0449
Norway,NOR,2018,0.0684
Other Africa,,1996,0.00101242521859181
Other Africa,,1997,0.0010372756557754299
Other Africa,,1998,0.00106212609295904
Other Africa,,1999,0.0020994017487344697
Other Africa,,2000,0.0031000000000000003
Other Africa,,2001,0.0036000000000000003
Other Africa,,2002,0.0045000000000000005
Other Africa,,2003,0.006
Other Africa,,2004,0.009000000000000001
Other Africa,,2005,0.012
Other Africa,,2006,0.0194
Other Africa,,2007,0.0305
Other Africa,,2008,0.0458
Other Africa,,2009,0.08750000000000001
Other Africa,,2010,0.1769
Other Africa,,2011,0.2059
Other Africa,,2012,0.2803
Other Africa,,2013,0.405
Other Africa,,2014,0.5008
Other Africa,,2015,0.7891
Other Africa,,2016,0.9117999999999999
Other Africa,,2017,1.1839000000000002
Other Africa,,2018,1.9294000000000002
Other Asia & Pacific,,1996,0
Other Asia & Pacific,,1997,0
Other Asia & Pacific,,1998,0.001
Other Asia & Pacific,,1999,0.002
Other Asia & Pacific,,2000,-0.000300000000000011
Other Asia & Pacific,,2001,0.00399999999999989
Other Asia & Pacific,,2002,0.0026000000000000203
Other Asia & Pacific,,2003,0.00390000000000009
Other Asia & Pacific,,2004,0.00610000000000014
Other Asia & Pacific,,2005,0.0112
Other Asia & Pacific,,2006,0.010899999999999901
Other Asia & Pacific,,2007,0.0391999999999998
Other Asia & Pacific,,2008,0.029900000000000104
Other Asia & Pacific,,2009,-0.0044000000000000905
Other Asia & Pacific,,2010,-0.055800000000000204
Other Asia & Pacific,,2011,0.6225
Other Asia & Pacific,,2012,0.548
Other Asia & Pacific,,2013,0.664000000000007
Other Asia & Pacific,,2014,2.5344
Other Asia & Pacific,,2015,2.4417
Other Asia & Pacific,,2016,5.004099999999981
Other Asia & Pacific,,2017,9.24409999999997
Other Asia & Pacific,,2018,10.6026
Other CIS,,1996,0
Other CIS,,1997,0
Other CIS,,1998,0
Other CIS,,1999,0
Other CIS,,2000,0
Other CIS,,2001,0
Other CIS,,2002,0
Other CIS,,2003,0
Other CIS,,2004,0
Other CIS,,2005,0
Other CIS,,2006,0
Other CIS,,2007,0.0001
Other CIS,,2008,0.00009999999999999961
Other CIS,,2009,0.00009999999999999961
Other CIS,,2010,0.0003
Other CIS,,2011,0.001
Other CIS,,2012,0.001
Other CIS,,2013,0.001
Other CIS,,2014,0.0024
Other CIS,,2015,0.0049999999999999906
Other CIS,,2016,0.026000000000000002
Other CIS,,2017,0.0308
Other CIS,,2018,0.0538
Other Middle East,,1996,0
Other Middle East,,1997,0
Other Middle East,,1998,0
Other Middle East,,1999,0
Other Middle East,,2000,0.0004
Other Middle East,,2001,0.0004
Other Middle East,,2002,0.0004
Other Middle East,,2003,0.0004
Other Middle East,,2004,0.0004
Other Middle East,,2005,0.0004
Other Middle East,,2006,0.0004
Other Middle East,,2007,0.0005
Other Middle East,,2008,0.0014
Other Middle East,,2009,0.0016
Other Middle East,,2010,0.004100000000000011
Other Middle East,,2011,0.00609999999999999
Other Middle East,,2012,0.0178
Other Middle East,,2013,0.0614
Other Middle East,,2014,0.09459999999999989
Other Middle East,,2015,0.2177
Other Middle East,,2016,0.32589999999999997
Other Middle East,,2017,0.45680000000000004
Other Middle East,,2018,0.7395
Other S. & Cent. America,,1996,0
Other S. & Cent. America,,1997,0
Other S. & Cent. America,,1998,0
Other S. & Cent. America,,1999,0.001
Other S. & Cent. America,,2000,0.0027
Other S. & Cent. America,,2001,0.005
Other S. & Cent. America,,2002,0.0073
Other S. & Cent. America,,2003,0.009300000000000001
Other S. & Cent. America,,2004,0.011300000000000001
Other S. & Cent. America,,2005,0.0136
Other S. & Cent. America,,2006,0.0194
Other S. & Cent. America,,2007,0.026000000000000002
Other S. & Cent. America,,2008,0.0354
Other S. & Cent. America,,2009,0.0587
Other S. & Cent. America,,2010,0.11220000000000001
Other S. & Cent. America,,2011,0.163
Other S. & Cent. America,,2012,0.31489999999999996
Other S. & Cent. America,,2013,0.4293
Other S. & Cent. America,,2014,0.5687000000000001
Other S. & Cent. America,,2015,0.8310000000000001
Other S. & Cent. America,,2016,1.0769000000000002
Other S. & Cent. America,,2017,1.5454
Other S. & Cent. America,,2018,2.2569000000000004
Pakistan,PAK,1996,0
Pakistan,PAK,1997,0
Pakistan,PAK,1998,0
Pakistan,PAK,1999,0
Pakistan,PAK,2000,0
Pakistan,PAK,2001,0
Pakistan,PAK,2002,0
Pakistan,PAK,2003,0
Pakistan,PAK,2004,0
Pakistan,PAK,2005,0
Pakistan,PAK,2006,0
Pakistan,PAK,2007,0.0001
Pakistan,PAK,2008,0.0011
Pakistan,PAK,2009,0.0037
Pakistan,PAK,2010,0.009300000000000001
Pakistan,PAK,2011,0.018600000000000002
Pakistan,PAK,2012,0.045700000000000005
Pakistan,PAK,2013,0.1005
Pakistan,PAK,2014,0.16519999999999999
Pakistan,PAK,2015,0.23
Pakistan,PAK,2016,0.41050000000000003
Pakistan,PAK,2017,0.7417
Pakistan,PAK,2018,1.5681
Philippines,PHL,1996,0
Philippines,PHL,1997,0
Philippines,PHL,1998,0
Philippines,PHL,1999,0
Philippines,PHL,2000,0
Philippines,PHL,2001,0
Philippines,PHL,2002,0
Philippines,PHL,2003,0
Philippines,PHL,2004,0.001
Philippines,PHL,2005,0.001
Philippines,PHL,2006,0.001
Philippines,PHL,2007,0.001
Philippines,PHL,2008,0.001
Philippines,PHL,2009,0.001
Philippines,PHL,2010,0.001
Philippines,PHL,2011,0.001
Philippines,PHL,2012,0.001
Philippines,PHL,2013,0.001
Philippines,PHL,2014,0.023
Philippines,PHL,2015,0.1653
Philippines,PHL,2016,0.7586
Philippines,PHL,2017,0.8861
Philippines,PHL,2018,0.8864
Portugal,PRT,1996,0.0004
Portugal,PRT,1997,0.0005
Portugal,PRT,1998,0.0006
Portugal,PRT,1999,0.0009000000000000001
Portugal,PRT,2000,0.001
Portugal,PRT,2001,0.001
Portugal,PRT,2002,0.001
Portugal,PRT,2003,0.002
Portugal,PRT,2004,0.002
Portugal,PRT,2005,0.002
Portugal,PRT,2006,0.003
Portugal,PRT,2007,0.024
Portugal,PRT,2008,0.059000000000000004
Portugal,PRT,2009,0.115
Portugal,PRT,2010,0.134
Portugal,PRT,2011,0.17200000000000001
Portugal,PRT,2012,0.23800000000000002
Portugal,PRT,2013,0.296
Portugal,PRT,2014,0.41500000000000004
Portugal,PRT,2015,0.447
Portugal,PRT,2016,0.5127999999999999
Portugal,PRT,2017,0.5792
Portugal,PRT,2018,0.6702
Romania,ROU,1996,0
Romania,ROU,1997,0
Romania,ROU,1998,0
Romania,ROU,1999,0
Romania,ROU,2000,0
Romania,ROU,2001,0
Romania,ROU,2002,0
Romania,ROU,2003,0
Romania,ROU,2004,0
Romania,ROU,2005,0
Romania,ROU,2006,0
Romania,ROU,2007,0
Romania,ROU,2008,0.0001
Romania,ROU,2009,0.0001
Romania,ROU,2010,0.0001
Romania,ROU,2011,0.001
Romania,ROU,2012,0.041
Romania,ROU,2013,0.761
Romania,ROU,2014,1.293
Romania,ROU,2015,1.326
Romania,ROU,2016,1.372
Romania,ROU,2017,1.3742
Romania,ROU,2018,1.3772
Russia,RUS,1996,0
Russia,RUS,1997,0
Russia,RUS,1998,0
Russia,RUS,1999,0
Russia,RUS,2000,0
Russia,RUS,2001,0
Russia,RUS,2002,0
Russia,RUS,2003,0
Russia,RUS,2004,0
Russia,RUS,2005,0
Russia,RUS,2006,0
Russia,RUS,2007,0
Russia,RUS,2008,0
Russia,RUS,2009,0
Russia,RUS,2010,0
Russia,RUS,2011,0
Russia,RUS,2012,0.0001
Russia,RUS,2013,0.0013000000000000002
Russia,RUS,2014,0.0066
Russia,RUS,2015,0.061700000000000005
Russia,RUS,2016,0.0767
Russia,RUS,2017,0.2357
Russia,RUS,2018,0.5457000000000001
Slovakia,SVK,1996,0
Slovakia,SVK,1997,0
Slovakia,SVK,1998,0
Slovakia,SVK,1999,0
Slovakia,SVK,2000,0
Slovakia,SVK,2001,0
Slovakia,SVK,2002,0
Slovakia,SVK,2003,0
Slovakia,SVK,2004,0
Slovakia,SVK,2005,0
Slovakia,SVK,2006,0
Slovakia,SVK,2007,0
Slovakia,SVK,2008,0
Slovakia,SVK,2009,0
Slovakia,SVK,2010,0.019
Slovakia,SVK,2011,0.496
Slovakia,SVK,2012,0.513
Slovakia,SVK,2013,0.533
Slovakia,SVK,2014,0.533
Slovakia,SVK,2015,0.533
Slovakia,SVK,2016,0.533
Slovakia,SVK,2017,0.528
Slovakia,SVK,2018,0.531
South Africa,ZAF,1996,0
South Africa,ZAF,1997,0.002
South Africa,ZAF,1998,0.004
South Africa,ZAF,1999,0.006
South Africa,ZAF,2000,0.0078
South Africa,ZAF,2001,0.0091
South Africa,ZAF,2002,0.010400000000000001
South Africa,ZAF,2003,0.0117
South Africa,ZAF,2004,0.013000000000000001
South Africa,ZAF,2005,0.0143
South Africa,ZAF,2006,0.0156
South Africa,ZAF,2007,0.0169
South Africa,ZAF,2008,0.0182
South Africa,ZAF,2009,0.019600000000000003
South Africa,ZAF,2010,0.0232
South Africa,ZAF,2011,0.0674
South Africa,ZAF,2012,0.0722
South Africa,ZAF,2013,0.26160000000000005
South Africa,ZAF,2014,1.1629
South Africa,ZAF,2015,1.3517000000000001
South Africa,ZAF,2016,2.174
South Africa,ZAF,2017,2.4864
South Africa,ZAF,2018,2.9588
South Korea,KOR,1996,0
South Korea,KOR,1997,0
South Korea,KOR,1998,0
South Korea,KOR,1999,0
South Korea,KOR,2000,0.004
South Korea,KOR,2001,0.005
South Korea,KOR,2002,0.005
South Korea,KOR,2003,0.006
South Korea,KOR,2004,0.009000000000000001
South Korea,KOR,2005,0.014
South Korea,KOR,2006,0.036000000000000004
South Korea,KOR,2007,0.081
South Korea,KOR,2008,0.357
South Korea,KOR,2009,0.524
South Korea,KOR,2010,0.65
South Korea,KOR,2011,0.7302000000000001
South Korea,KOR,2012,1.0242
South Korea,KOR,2013,1.5552000000000001
South Korea,KOR,2014,2.4812
South Korea,KOR,2015,3.6132
South Korea,KOR,2016,4.5022
South Korea,KOR,2017,5.8347
South Korea,KOR,2018,7.8618999999999994
Spain,ESP,1996,0.001
Spain,ESP,1997,0.001
Spain,ESP,1998,0.001
Spain,ESP,1999,0.002
Spain,ESP,2000,0.01
Spain,ESP,2001,0.013000000000000001
Spain,ESP,2002,0.017
Spain,ESP,2003,0.022
Spain,ESP,2004,0.033
Spain,ESP,2005,0.052000000000000005
Spain,ESP,2006,0.14100000000000001
Spain,ESP,2007,0.505
Spain,ESP,2008,3.4450000000000003
Spain,ESP,2009,3.705
Spain,ESP,2010,4.605
Spain,ESP,2011,5.432
Spain,ESP,2012,6.569
Spain,ESP,2013,6.994
Spain,ESP,2014,7.001
Spain,ESP,2015,7.008
Spain,ESP,2016,7.0200000000000005
Spain,ESP,2017,7.029
Spain,ESP,2018,7.0477
Sweden,SWE,1996,0.002
Sweden,SWE,1997,0.002
Sweden,SWE,1998,0.002
Sweden,SWE,1999,0.003
Sweden,SWE,2000,0.003
Sweden,SWE,2001,0.003
Sweden,SWE,2002,0.003
Sweden,SWE,2003,0.004
Sweden,SWE,2004,0.004
Sweden,SWE,2005,0.004
Sweden,SWE,2006,0.005
Sweden,SWE,2007,0.006
Sweden,SWE,2008,0.008
Sweden,SWE,2009,0.009000000000000001
Sweden,SWE,2010,0.011
Sweden,SWE,2011,0.012
Sweden,SWE,2012,0.024
Sweden,SWE,2013,0.043000000000000003
Sweden,SWE,2014,0.06
Sweden,SWE,2015,0.10400000000000001
Sweden,SWE,2016,0.153
Sweden,SWE,2017,0.291
Sweden,SWE,2018,0.421
Switzerland,CHE,1996,0.008
Switzerland,CHE,1997,0.01
Switzerland,CHE,1998,0.012
Switzerland,CHE,1999,0.013000000000000001
Switzerland,CHE,2000,0.016
Switzerland,CHE,2001,0.018000000000000002
Switzerland,CHE,2002,0.02
Switzerland,CHE,2003,0.022
Switzerland,CHE,2004,0.024
Switzerland,CHE,2005,0.028
Switzerland,CHE,2006,0.03
Switzerland,CHE,2007,0.037
Switzerland,CHE,2008,0.049
Switzerland,CHE,2009,0.079
Switzerland,CHE,2010,0.125
Switzerland,CHE,2011,0.223
Switzerland,CHE,2012,0.437
Switzerland,CHE,2013,0.756
Switzerland,CHE,2014,1.061
Switzerland,CHE,2015,1.3940000000000001
Switzerland,CHE,2016,1.6640000000000001
Switzerland,CHE,2017,1.9060000000000001
Switzerland,CHE,2018,2.246
Taiwan,TWN,1996,0
Taiwan,TWN,1997,0
Taiwan,TWN,1998,0
Taiwan,TWN,1999,0
Taiwan,TWN,2000,0.0001
Taiwan,TWN,2001,0.0002
Taiwan,TWN,2002,0.0003
Taiwan,TWN,2003,0.0005
Taiwan,TWN,2004,0.0006
Taiwan,TWN,2005,0.001
Taiwan,TWN,2006,0.0014
Taiwan,TWN,2007,0.0024
Taiwan,TWN,2008,0.0056
Taiwan,TWN,2009,0.0095
Taiwan,TWN,2010,0.022
Taiwan,TWN,2011,0.1179
Taiwan,TWN,2012,0.2225
Taiwan,TWN,2013,0.392
Taiwan,TWN,2014,0.6202000000000001
Taiwan,TWN,2015,0.8422000000000001
Taiwan,TWN,2016,1.245
Taiwan,TWN,2017,1.7677
Taiwan,TWN,2018,2.6176999999999997
Thailand,THA,1996,0
Thailand,THA,1997,0
Thailand,THA,1998,0
Thailand,THA,1999,0
Thailand,THA,2000,0
Thailand,THA,2001,0
Thailand,THA,2002,0
Thailand,THA,2003,0
Thailand,THA,2004,0
Thailand,THA,2005,0
Thailand,THA,2006,0.0304
Thailand,THA,2007,0.032299999999999995
Thailand,THA,2008,0.0324
Thailand,THA,2009,0.037
Thailand,THA,2010,0.048600000000000004
Thailand,THA,2011,0.0787
Thailand,THA,2012,0.3817
Thailand,THA,2013,0.8285
Thailand,THA,2014,1.3035
Thailand,THA,2015,1.4245999999999999
Thailand,THA,2016,2.4511
Thailand,THA,2017,2.7023
Thailand,THA,2018,2.7252
Total Africa,,1996,0.00101242521859181
Total Africa,,1997,0.00303727565577542
Total Africa,,1998,0.00506212609295904
Total Africa,,1999,0.008099401748734471
Total Africa,,2000,0.011
Total Africa,,2001,0.0132
Total Africa,,2002,0.0155
Total Africa,,2003,0.0183
Total Africa,,2004,0.022600000000000002
Total Africa,,2005,0.0269
Total Africa,,2006,0.0356
Total Africa,,2007,0.048100000000000004
Total Africa,,2008,0.06490000000000001
Total Africa,,2009,0.10840000000000001
Total Africa,,2010,0.2401
Total Africa,,2011,0.33330000000000004
Total Africa,,2012,0.41250000000000003
Total Africa,,2013,0.7266
Total Africa,,2014,1.7247999999999999
Total Africa,,2015,2.2599
Total Africa,,2016,3.3979000000000004
Total Africa,,2017,4.2843
Total Africa,,2018,6.0931999999999995
Total Asia Pacific,,1996,0.077
Total Asia Pacific,,1997,0.1125
Total Asia Pacific,,1998,0.162
Total Asia Pacific,,1999,0.246
Total Asia Pacific,,2000,0.39630000000000004
Total Asia Pacific,,2001,0.5353
Total Asia Pacific,,2002,0.7459
Total Asia Pacific,,2003,0.9897
Total Asia Pacific,,2004,1.2852000000000001
Total Asia Pacific,,2005,1.6592
Total Asia Pacific,,2006,2.0295
Total Asia Pacific,,2007,2.3661
Total Asia Pacific,,2008,2.9546
Total Asia Pacific,,2009,3.8288
Total Asia Pacific,,2010,5.9285000000000005
Total Asia Pacific,,2011,11.0588
Total Asia Pacific,,2012,18.6065
Total Asia Pacific,,2013,39.183
Total Asia Pacific,,2014,64.3771
Total Asia Pacific,,2015,94.52610000000001
Total Asia Pacific,,2016,144.6094
Total Asia Pacific,,2017,216.9903
Total Asia Pacific,,2018,284.8729
Total CIS,,1996,0
Total CIS,,1997,0
Total CIS,,1998,0
Total CIS,,1999,0
Total CIS,,2000,0
Total CIS,,2001,0
Total CIS,,2002,0
Total CIS,,2003,0
Total CIS,,2004,0
Total CIS,,2005,0
Total CIS,,2006,0
Total CIS,,2007,0.0001
Total CIS,,2008,0.00009999999999999961
Total CIS,,2009,0.00009999999999999961
Total CIS,,2010,0.0003
Total CIS,,2011,0.001
Total CIS,,2012,0.0011
Total CIS,,2013,0.0023
Total CIS,,2014,0.009000000000000001
Total CIS,,2015,0.06670000000000001
Total CIS,,2016,0.1027
Total CIS,,2017,0.2665
Total CIS,,2018,0.5995
Total Europe,,1996,0.0669
Total Europe,,1997,0.0873
Total Europe,,1998,0.10540000000000001
Total Europe,,1999,0.1315
Total Europe,,2000,0.1992
Total Europe,,2001,0.2997
Total Europe,,2002,0.38560000000000005
Total Europe,,2003,0.6248
Total Europe,,2004,1.3359
Total Europe,,2005,2.3173000000000004
Total Europe,,2006,3.2794000000000003
Total Europe,,2007,5.052300000000001
Total Europe,,2008,10.521799999999999
Total Europe,,2009,17.1237
Total Europe,,2010,30.8653
Total Europe,,2011,54.91480000000001
Total Europe,,2012,74.1839
Total Europe,,2013,85.02980000000001
Total Europe,,2014,91.9852
Total Europe,,2015,100.7003
Total Europe,,2016,107.8986
Total Europe,,2017,117.0587
Total Europe,,2018,128.7584
Total Middle East,,1996,0
Total Middle East,,1997,0.0003
Total Middle East,,1998,0.0003
Total Middle East,,1999,0.0004
Total Middle East,,2000,0.0004
Total Middle East,,2001,0.0004
Total Middle East,,2002,0.0004
Total Middle East,,2003,0.0004
Total Middle East,,2004,0.0004
Total Middle East,,2005,0.0014
Total Middle East,,2006,0.0017
Total Middle East,,2007,0.0023
Total Middle East,,2008,0.010400000000000001
Total Middle East,,2009,0.0422
Total Middle East,,2010,0.09090000000000001
Total Middle East,,2011,0.2145
Total Middle East,,2012,0.2751
Total Middle East,,2013,0.6176
Total Middle East,,2014,0.9052000000000001
Total Middle East,,2015,1.1532
Total Middle East,,2016,1.6356
Total Middle East,,2017,2.1827
Total Middle East,,2018,3.1808
Total North America,,1996,0.0269
Total North America,,1997,0.0286
Total North America,,1998,0.032200000000000006
Total North America,,1999,0.0356
Total North America,,2000,0.0395
Total North America,,2001,0.045899999999999996
Total North America,,2002,0.054
Total North America,,2003,0.101
Total North America,,2004,0.14100000000000001
Total North America,,2005,0.223
Total North America,,2006,0.332
Total North America,,2007,0.5
Total North America,,2008,0.805
Total North America,,2009,1.308
Total North America,,2010,2.29
Total North America,,2011,3.918
Total North America,,2012,8.154
Total North America,,2013,14.337
Total North America,,2014,18.504
Total North America,,2015,26.132
Total North America,,2016,37.9076
Total North America,,2017,46.5777
Total North America,,2018,57.118
Total S. & Cent. America,,1996,0
Total S. & Cent. America,,1997,0
Total S. & Cent. America,,1998,0
Total S. & Cent. America,,1999,0.002
Total S. & Cent. America,,2000,0.0043
Total S. & Cent. America,,2001,0.0068
Total S. & Cent. America,,2002,0.009300000000000001
Total S. & Cent. America,,2003,0.0114
Total S. & Cent. America,,2004,0.0137
Total S. & Cent. America,,2005,0.016300000000000002
Total S. & Cent. America,,2006,0.0223
Total S. & Cent. America,,2007,0.0292
Total S. & Cent. America,,2008,0.0386
Total S. & Cent. America,,2009,0.062200000000000005
Total S. & Cent. America,,2010,0.1169
Total S. & Cent. America,,2011,0.1685
Total S. & Cent. America,,2012,0.32410000000000005
Total S. & Cent. America,,2013,0.4545
Total S. & Cent. America,,2014,0.8099
Total S. & Cent. America,,2015,1.8231
Total S. & Cent. America,,2016,2.6961
Total S. & Cent. America,,2017,4.9025
Total S. & Cent. America,,2018,7.2059
Turkey,TUR,1996,0
Turkey,TUR,1997,0
Turkey,TUR,1998,0
Turkey,TUR,1999,0
Turkey,TUR,2000,0.0001
Turkey,TUR,2001,0.0003
Turkey,TUR,2002,0.0006
Turkey,TUR,2003,0.001
Turkey,TUR,2004,0.0015
Turkey,TUR,2005,0.002
Turkey,TUR,2006,0.0025
Turkey,TUR,2007,0.003
Turkey,TUR,2008,0.0037
Turkey,TUR,2009,0.0047
Turkey,TUR,2010,0.0057
Turkey,TUR,2011,0.0067
Turkey,TUR,2012,0.0117
Turkey,TUR,2013,0.0187
Turkey,TUR,2014,0.041
Turkey,TUR,2015,0.25
Turkey,TUR,2016,0.834
Turkey,TUR,2017,3.4217
Turkey,TUR,2018,5.063899999999999
Ukraine,UKR,1996,0
Ukraine,UKR,1997,0
Ukraine,UKR,1998,0
Ukraine,UKR,1999,0
Ukraine,UKR,2000,0
Ukraine,UKR,2001,0
Ukraine,UKR,2002,0
Ukraine,UKR,2003,0
Ukraine,UKR,2004,0
Ukraine,UKR,2005,0
Ukraine,UKR,2006,0
Ukraine,UKR,2007,0
Ukraine,UKR,2008,0
Ukraine,UKR,2009,0
Ukraine,UKR,2010,0.0025
Ukraine,UKR,2011,0.1882
Ukraine,UKR,2012,0.37160000000000004
Ukraine,UKR,2013,0.7484
Ukraine,UKR,2014,0.8191
Ukraine,UKR,2015,0.8412000000000001
Ukraine,UKR,2016,0.9547000000000001
Ukraine,UKR,2017,1.2
Ukraine,UKR,2018,2.0027
United Arab Emirates,ARE,1996,0
United Arab Emirates,ARE,1997,0
United Arab Emirates,ARE,1998,0
United Arab Emirates,ARE,1999,0
United Arab Emirates,ARE,2000,0
United Arab Emirates,ARE,2001,0
United Arab Emirates,ARE,2002,0
United Arab Emirates,ARE,2003,0
United Arab Emirates,ARE,2004,0
United Arab Emirates,ARE,2005,0
United Arab Emirates,ARE,2006,0
United Arab Emirates,ARE,2007,0
United Arab Emirates,ARE,2008,0
United Arab Emirates,ARE,2009,0.01
United Arab Emirates,ARE,2010,0.0108
United Arab Emirates,ARE,2011,0.0126
United Arab Emirates,ARE,2012,0.014400000000000001
United Arab Emirates,ARE,2013,0.13
United Arab Emirates,ARE,2014,0.1343
United Arab Emirates,ARE,2015,0.1347
United Arab Emirates,ARE,2016,0.14200000000000002
United Arab Emirates,ARE,2017,0.3548
United Arab Emirates,ARE,2018,0.5937
United Kingdom,GBR,1996,0.0002
United Kingdom,GBR,1997,0.0004
United Kingdom,GBR,1998,0.0005
United Kingdom,GBR,1999,0.0009000000000000001
United Kingdom,GBR,2000,0.002
United Kingdom,GBR,2001,0.003
United Kingdom,GBR,2002,0.004
United Kingdom,GBR,2003,0.006
United Kingdom,GBR,2004,0.008
United Kingdom,GBR,2005,0.011
United Kingdom,GBR,2006,0.014
United Kingdom,GBR,2007,0.018000000000000002
United Kingdom,GBR,2008,0.023
United Kingdom,GBR,2009,0.027
United Kingdom,GBR,2010,0.095
United Kingdom,GBR,2011,1
United Kingdom,GBR,2012,1.7530000000000001
United Kingdom,GBR,2013,2.9370000000000003
United Kingdom,GBR,2014,5.5280000000000005
United Kingdom,GBR,2015,9.601
United Kingdom,GBR,2016,11.912
United Kingdom,GBR,2017,12.776
United Kingdom,GBR,2018,13.108
United States,USA,1996,0.013900000000000001
United States,USA,1997,0.0146
United States,USA,1998,0.0152
United States,USA,1999,0.0166
United States,USA,2000,0.0185
United States,USA,2001,0.0219
United States,USA,2002,0.028
United States,USA,2003,0.073
United States,USA,2004,0.111
United States,USA,2005,0.19
United States,USA,2006,0.295
United States,USA,2007,0.455
United States,USA,2008,0.753
United States,USA,2009,1.188
United States,USA,2010,2.04
United States,USA,2011,3.382
United States,USA,2012,7.328
United States,USA,2013,13.045
United States,USA,2014,16.545
United States,USA,2015,23.442
United States,USA,2016,34.858000000000004
United States,USA,2017,43.031
United States,USA,2018,51.45
World,OWID_WRL,1996,0.1728
World,OWID_WRL,1997,0.231737275655775
World,OWID_WRL,1998,0.30496212609295903
World,OWID_WRL,1999,0.423599401748735
World,OWID_WRL,2000,0.6507000000000001
World,OWID_WRL,2001,0.9013
World,OWID_WRL,2002,1.2107
World,OWID_WRL,2003,1.7456
World,OWID_WRL,2004,2.7988000000000004
World,OWID_WRL,2005,4.2441
World,OWID_WRL,2006,5.7005
World,OWID_WRL,2007,7.998100000000001
World,OWID_WRL,2008,14.3954
World,OWID_WRL,2009,22.4734
World,OWID_WRL,2010,39.532000000000004
World,OWID_WRL,2011,70.60889999999999
World,OWID_WRL,2012,101.9572
World,OWID_WRL,2013,140.3508
World,OWID_WRL,2014,178.3152
World,OWID_WRL,2015,226.66129999999998
World,OWID_WRL,2016,298.2479
World,OWID_WRL,2017,392.2627
World,OWID_WRL,2018,487.8287